{
  "paths": [
    {
      "label": "Climate 2014-2024",
      "nodes": [
        2014,
        2015,
        2016,
        2017,
        2018,
        2019,
        2020,
        2021,
        2022,
        2023,
        2024
      ],
      "times": [
        2014,
        2015,
        2016,
        2017,
        2018,
        2019,
        2020,
        2021,
        2022,
        2023,
        2024
      ],
      "lower_values": [
        0.0,
        0.49,
        2.34,
        3.14,
        5.14,
        4.55,
        0.51,
        6.59,
        0.53,
        8.16,
        -2.56
      ]
    }
  ],
  "axis_order": [
    -10,
    -8,
    -6,
    -4,
    -2,
    0,
    2,
    4,
    6,
    8,
    10
  ],
  "series_by_path": [
    {
      "path_index": 0,
      "series": [
        {
          "id": "arctic_ice_extent_mkm2",
          "times": [
            2014,
            2015,
            2016,
            2017,
            2018,
            2019,
            2020,
            2021,
            2022,
            2023,
            2024
          ],
          "values": [
            1.0,
            1.0,
            0.805825,
            0.407767,
            0.737864,
            0.757282,
            0.776699,
            0.194175,
            0.563107,
            0.0,
            0.145631
          ]
        }
      ]
    }
  ]
}