{
  "paths": [
    {
      "label": "Contrail",
      "nodes": [2, 7, 15, 20, 23, 25, 27, 33, 36, 42, 48],
      "times": [0.1, 0.11, 0.12, 0.13, 0.14, 0.15, 0.16, 0.17, 0.18, 0.19, 0.2],
      "lower_values": [-2, 3, 6, 4, 1, -1, 0, 3, 0, 2, 6]
    }
  ],
  "axis_order": [-2, 0, 2, 4, 6],
  "series_by_path": [
    {
      "path_index": 0,
      "series": [
        {
          "id": "length",
          "times": [0.1, 0.11, 0.12, 0.13, 0.14, 0.15, 0.16, 0.17, 0.18, 0.19, 0.2],
          "values": [0.827721, 0.725544, 0.943032, 0.909355, 0.984345, 1.0, 0.845743, 0.931042, 0.877052, 0.734937, 0.952348]
        },
        {
          "id": "mass",
          "times": [0.1, 0.11, 0.12, 0.13, 0.14, 0.15, 0.16, 0.17, 0.18, 0.19, 0.2],
          "values": [0.90569, 0.921553, 0.980551, 0.982787, 1.0, 0.98093, 0.95141, 0.989401, 0.9606, 0.884586, 0.956091]
        }
      ]
    }
  ]
}
